<?xml version="1.0" encoding="UTF-8"?>
<project-private xmlns="http://www.netbeans.org/ns/project-private/1">
    <editor-bookmarks xmlns="http://www.netbeans.org/ns/editor-bookmarks/2" lastBookmarkId="0"/>
    <open-files xmlns="http://www.netbeans.org/ns/projectui-open-files/2">
        <group>
            <file>file:/C:/Users/Cristiano/Documents/GitHub/Assessments/StormCenterv2/src/stormcenterv2/Screen.java</file>
            <file>file:/C:/Users/Cristiano/Documents/GitHub/Assessments/StormCenterv2/src/stormcenterv2/Tornado.java</file>
            <file>file:/C:/Users/Cristiano/Documents/GitHub/Assessments/StormCenterv2/src/stormcenterv2/StormCenterv2.java</file>
            <file>file:/C:/Users/Cristiano/Documents/GitHub/Assessments/StormCenterv2/test/stormcenterv2/BlizzardTest.java</file>
            <file>file:/C:/Users/Cristiano/Documents/GitHub/Assessments/StormCenterv2/test/stormcenterv2/CenterTest.java</file>
            <file>file:/C:/Users/Cristiano/Documents/GitHub/Assessments/StormCenterv2/test/stormcenterv2/HurricaneTest.java</file>
            <file>file:/C:/Users/Cristiano/Documents/GitHub/Assessments/StormCenterv2/src/stormcenterv2/Storm.java</file>
            <file>file:/C:/Users/Cristiano/Documents/GitHub/Assessments/StormCenterv2/src/stormcenterv2/Center.java</file>
            <file>file:/C:/Users/Cristiano/Documents/GitHub/Assessments/StormCenterv2/test/stormcenterv2/TornadoTest.java</file>
            <file>file:/C:/Users/Cristiano/Documents/GitHub/Assessments/StormCenterv2/src/stormcenterv2/Hurricane.java</file>
            <file>file:/C:/Users/Cristiano/Documents/GitHub/Assessments/StormCenterv2/src/stormcenterv2/Blizzard.java</file>
        </group>
    </open-files>
</project-private>
